nafis,Ishtiaque,4168324619,309-u22-@gma,283 Pharmacy Avenue,M1L 3G1,Toronto,Ontario,Canada,5-30-1993,Any bogus history beams beneath the repent tunnel.
Penny,Howell,4168551212,vc770cqtr07@temporary-mail.net,3355  Kennedy Rd,K9V 4A4,Lindsay,Ontario,Canada,12-29-1967,The innovative dependence gloves a kettle.
Shawn,Gart,4168551212,353-8me-csei,3549  th Ave,T2P0W4,Calgary,Alberta,Canada,12-3-1970,Every dry broadcast participates near a shirt
Jeannette,Adams,6477216554,jbil2qkg0go@temporary-mail.net,2351  Rue Ontario Ouest,H2X1Y8,Quebec,Montreal,Canada,7-16-1975,A guard dodges beside a parochial cobbler
Tiffany,Ul,156-971-5531,6zaxvjrw87e@temporary-mail.net,2650  Churchill Plaza,P6A1Z2,Sault Ste Marie,Ontario,Canada,8-4-1986,The sold symbol corners the drivel
Bruce,wayne,161-721-3564,batman@gmail.com,22 gotham streeet,M1L 3g5,Gotham,DC,Canada,2-7-1979,I am batman
Clark,Kent,6477213988,nafu22@gmail.com,283 pharmacy avenue,M2L 3G1,Toronto,Ontario,Canada,1-2-1985,i am superman
nafis,ishtiaque,6477213768,nafu22@gmail.com,283 pharmacy avenue,M1L 3G1,Toronto,Ontario,Canada,10-29-2012,i am daredevil
ishtiaque,nafis,64721232145,nafu22@gmail.com,283 pharmacy avene,m1l3g1,Toronto,On,Canada,12-16-2020,hi
nafu,ishtiaque,6477213458,nafu22@gmail.com,283 pharmacy avenue,m1l3g1,hi,on,sfsf,12-03-2020,ssss
